{
  "metadata": {
    "schemaVersion": "1.0",
    "importType": "LEX",
    "importFormat": "JSON"
  },
  "resource": {
    "description": "will be used to retrieve the risk level the user is willing to take on the investment portfolio.",
    "name": "riskLevel",
    "version": "1",
    "enumerationValues": [
      {
        "value": "High"
      },
      {
        "value": "Very Low"
      },
      {
        "value": "Low"
      },
      {
        "value": "Medium"
      },
      {
        "value": "Very High"
      },
      {
        "value": "None"
      }
    ],
    "valueSelectionStrategy": "ORIGINAL_VALUE"
  }
}